<?xml version="1.0" encoding="UTF-8"?>
<project-private xmlns="http://www.netbeans.org/ns/project-private/1">
    <editor-bookmarks xmlns="http://www.netbeans.org/ns/editor-bookmarks/2" lastBookmarkId="0"/>
    <open-files xmlns="http://www.netbeans.org/ns/projectui-open-files/2">
        <group>
            <file>file:/home/vax8/u60/gplatono/SRP/annotation_app/web/js/scripts.js</file>
            <file>file:/home/vax8/u60/gplatono/SRP/annotation_app/web/jsp/login.jsp</file>
            <file>file:/home/vax8/u60/gplatono/SRP/annotation_app/web/css/main.css</file>
            <file>file:/home/vax8/u60/gplatono/SRP/annotation_app/src/java/system/TestGenerator.java</file>
            <file>file:/home/vax8/u60/gplatono/SRP/annotation_app/src/java/beans/Testcase.java</file>
            <file>file:/home/vax8/u60/gplatono/SRP/annotation_app/web/jsp/annotations.jsp</file>
            <file>file:/home/vax8/u60/gplatono/SRP/annotation_app/web/jsp/description.jsp</file>
            <file>file:/home/vax8/u60/gplatono/SRP/annotation_app/web/WEB-INF/web.xml</file>
            <file>file:/home/vax8/u60/gplatono/SRP/annotation_app/web/jsp/examples.jsp</file>
            <file>file:/home/vax8/u60/gplatono/SRP/annotation_app/web/jsp/evaluation.jsp</file>
            <file>file:/home/vax8/u60/gplatono/SRP/annotation_app/src/java/controllers/JDBCTest.java</file>
            <file>file:/home/vax8/u60/gplatono/SRP/annotation_app/web/jsp/index.jsp</file>
            <file>file:/home/vax8/u60/gplatono/SRP/annotation_app/src/java/controllers/Navigator.java</file>
        </group>
    </open-files>
</project-private>
